Happy,Happy Vibes,Choose happiness every day.
Sad,Soft Piano,Sadness will pass.
Angry,Calm Beats,Pause before reacting.
Excited,Energy Boost,Enjoy the moment.
Relaxed,Peaceful Tune,Relax your mind.
Motivated,Victory Song,You can do it.
Lonely,Comfort Music,You matter.
Confident,Power Anthem,Believe in yourself.
Anxious,Slow Melody,Take a deep breath.
Grateful,Thankful Notes,Be thankful always.
Hopeful,Rising Tune,Hope keeps us alive.
Calm,Nature Sound,Peace begins inside.
Focused,Deep Focus,Stay focused.
Tired,Rest Music,Rest is important.
Inspired,Creative Flow,Be inspired.
Loved,Love Melody,You are loved.
Fearful,Gentle Music,Fear is temporary.
Joyful,Joy Beats,Smile more.
Bored,Fun Mix,Try something new.
Determined,Strong Rhythm,Never give up.
Proud,Achievement Song,Be proud of yourself.
Curious,Wonder Music,Keep learning.
Optimistic,Bright Tune,Good days are coming.
Peaceful,Water Sound,Peace is powerful.
Stressed,Relax Guitar,Everything will be okay.
Energetic,Workout Beat,Use your energy wisely.
Shy,Soft Notes,Quiet strength matters.
Brave,Hero Music,Be brave.
Cheerful,Sunny Song,Spread happiness.
Thoughtful,Piano Solo,Think wisely.
Confused,Ambient Sound,Clarity will come.
Playful,Fun Pop,Enjoy life.
Nervous,Light Music,Stay calm.
Satisfied,Smooth Jazz,Contentment is success.
Dreamy,LoFi Chill,Dream big.
Creative,Art Beat,Create freely.
Serene,Soft Nature,Silence is peace.
Melancholic,Slow Piano,Feel and heal.
Positive,Uplift Song,Stay positive.
Strong,Power Drum,Strength comes from struggle.
Gentle,Soft Strings,Kindness is strength.
Patient,Slow Tempo,Good things take time.
Balanced,Harmony Music,Balance brings peace.
Faithful,Spiritual Sound,Trust the process.
Mindful,Zen Music,Live in the moment.
Confident Mind,Focus Tune,Confidence grows with effort.
Relax Mind,Chill Vibes,Let go of stress.
Fresh Mood,Morning Tune,Start fresh today.
